{
    "chi2_13": 37.2900398758782,
    "chi2_13_b": 17.859567012201644,
    "chi2_12": 10.748464786660938,
    "a_lcdm": [
        5.15185162,
        -0.56779044,
        1.0765489,
        -0.12272314,
        -1.20251857,
        -0.34058987,
        -1.37930291,
        0.17904745,
        1.71670767,
        -1.09516219,
        1.10895678,
        0.26083133,
        0.55784396
    ],
    "c_alpha_std": 1.945251120995139,
    "combined_uncertainty": 2.1872361380822247,
    "c_alpha_ranges": [
        1.51741730e+01,
        4.90229374e-01,
        4.60497592e-02,
        1.73315803e-03,
        7.95414308e-04,
        4.81905772e-05,
        5.86588074e-06,
        3.14918218e-06,
        4.43607620e-08,
        3.69207283e-08,
        3.33196235e-09,
        1.33682854e-10,
        2.26512471e-12
    ],
    "residual_std": [0.01118232, 0.00669481],
    "pivot_points": {
        "a_pivot0": 0.5804355622049526,
        "a_pivot1": 0.6808559042070397,
        "z_pivot0": 0.723,
        "z_pivot1": 0.469,
        "w_star": -1.006,
        "w_star_err": 0.044,
        "wp0": -1.139,
        "wp0_err": 0.062,
        "wp1": -0.970,
        "wp1_err": 0.045
    },
    "curvature": {
        "chi2_omk": 10.634303677716918,
        "chi2_omk_filtered": 10.622492426680898,
        "chi2_w0wa_12": 10.748464786666226
    },
    "w0_only": {
        "chi2_w0_only": 9.516696941323737
    },
    "w0wa_grid": {
        "c_alpha_sims_ranges": [
            1.04189975e+02,
            3.95689285e+01,
            1.23941519e+01,
            7.23432028e+00,
            1.85642898e+00,
            5.79650473e-01,
            2.30750536e-01,
            1.46933122e-01,
            1.65511728e-02,
            3.01587191e-02,
            3.58777657e-03,
            2.50662756e-03,
            1.44457152e-04
        ],
        "overlap": 0.988898573360474,
        "chi2_min_w0wa": 7.446482826707913
    }
}
